{
  "main": {
    "id": "7503a48e8cdf9aa6",
    "type": "split",
    "children": [
      {
        "id": "f95ff1a246b60a52",
        "type": "tabs",
        "children": [
          {
            "id": "5f3ad37072e69453",
            "type": "leaf",
            "state": {
              "type": "markdown",
              "state": {
                "file": "_templates/topic-note.md",
                "mode": "source",
                "backlinks": true,
                "source": false
              }
            }
          }
        ]
      }
    ],
    "direction": "vertical"
  },
  "left": {
    "id": "6f2592ad648636e6",
    "type": "split",
    "children": [
      {
        "id": "e86fc36d9361b377",
        "type": "tabs",
        "children": [
          {
            "id": "98fc7e580eefa3db",
            "type": "leaf",
            "state": {
              "type": "file-explorer",
              "state": {
                "sortOrder": "alphabetical"
              }
            }
          },
          {
            "id": "b8f1f9e39cb840da",
            "type": "leaf",
            "state": {
              "type": "search",
              "state": {
                "query": "",
                "matchingCase": false,
                "explainSearch": false,
                "collapseAll": false,
                "extraContext": false,
                "sortOrder": "alphabetical"
              }
            }
          },
          {
            "id": "39c8d2c5372df343",
            "type": "leaf",
            "state": {
              "type": "bookmarks",
              "state": {}
            }
          }
        ]
      }
    ],
    "direction": "horizontal",
    "width": 300
  },
  "right": {
    "id": "d8317e37b7196bcb",
    "type": "split",
    "children": [
      {
        "id": "8ee75af354986219",
        "type": "tabs",
        "children": [
          {
            "id": "b7a2e74fd1d1c2ec",
            "type": "leaf",
            "state": {
              "type": "backlink",
              "state": {
                "file": "_templates/topic-note.md",
                "collapseAll": false,
                "extraContext": false,
                "sortOrder": "alphabetical",
                "showSearch": false,
                "searchQuery": "",
                "backlinkCollapsed": false,
                "unlinkedCollapsed": true
              }
            }
          },
          {
            "id": "272b86e8124900cc",
            "type": "leaf",
            "state": {
              "type": "outgoing-link",
              "state": {
                "file": "_templates/topic-note.md",
                "linksCollapsed": false,
                "unlinkedCollapsed": true
              }
            }
          },
          {
            "id": "22fadeeda4d8e61a",
            "type": "leaf",
            "state": {
              "type": "tag",
              "state": {
                "sortOrder": "frequency",
                "useHierarchy": true
              }
            }
          },
          {
            "id": "5b695d76dc3e269c",
            "type": "leaf",
            "state": {
              "type": "outline",
              "state": {
                "file": "_templates/topic-note.md"
              }
            }
          },
          {
            "id": "3de2e542f5c66f58",
            "type": "leaf",
            "state": {
              "type": "all-properties",
              "state": {
                "sortOrder": "frequency",
                "showSearch": false,
                "searchQuery": ""
              }
            }
          }
        ]
      }
    ],
    "direction": "horizontal",
    "width": 300,
    "collapsed": true
  },
  "left-ribbon": {
    "hiddenItems": {
      "pdf-plus:PDF++: Toggle auto-copy": false,
      "pdf-plus:PDF++: Toggle auto-focus": false,
      "pdf-plus:PDF++: Toggle auto-paste": false,
      "switcher:Open quick switcher": false,
      "graph:Open graph view": false,
      "canvas:Create new canvas": false,
      "daily-notes:Open today's daily note": false,
      "templates:Insert template": false,
      "command-palette:Open command palette": false
    }
  },
  "active": "5f3ad37072e69453",
  "lastOpenFiles": [
    "_templates/tool.md",
    "_templates/source-note.md",
    "Articles/article1.md.md",
    "HOME.md",
    "VR Diagram.canvas",
    "README.md",
    "sample.md",
    "_templates/topic-note.md",
    "Notes/2023-11-23.md",
    "Notes",
    "Tools/Zotero.md",
    "Tools/hypothes.is.md",
    "Tools/Obsidian.md",
    "Tools/WordPress.md",
    "Tools/scite.ai.md",
    "Tools/litmaps.ai.md",
    "Technology Map.canvas",
    "Tools",
    "nieminenDesigningDigitalAuthentic2022.md",
    "nieminenDesigningDigitalAuthentic2022.pdf.md",
    "Unit Name.md",
    "Articles",
    "unit 2.md",
    "_templates",
    "2023-07-12.md"
  ]
}